accession_number,score,rel_left_x,rel_right_x,rel_top_y,rel_bottom_y,abs_left_x,abs_right_x,abs_top_y,abs_bottom_y,roll_angle,pan_angle,tilt_angle,"landmarking, confidence",joy_likelihood,sorrow_likelihood,anger_likelihood,surprise_likelihood,under_exposed_likelihood,blurred_likelihood,headwear_likelihood,landmarking_confidence
1984.032,0.9609375,0.337,0.664,0.2020460358056266,0.526001705029838,337,664,237,617,-0.6822381,34.92895,0.6132311,,1,1,1,1,1,1,1,0.34897333
1985.018,0.7109375,0.272,0.695,0.08242220353238015,0.4953742640874685,272,695,98,589,3.0424743,-16.224682,-3.6275105,,2,1,1,1,1,1,1,0.4718093
1986.008,0.98046875,0.32232232232232233,0.7007007007007007,0.18181818181818182,0.5941893158388004,322,700,194,634,-0.093150556,7.740444,-3.653884,,2,1,1,1,1,1,1,0.71113294
1986.013,0.98828125,0.305,0.667,0.0985797827903091,0.4502923976608187,305,667,118,539,-0.94003224,-14.793989,-0.40277776,,1,1,1,1,1,1,1,0.53009105
1988.014,0.87890625,0.244,0.316,0.4996150885296382,0.5642802155504234,244,316,649,733,-25.890406,-14.8476305,4.495285,,1,1,1,1,1,1,1,0.38717723
1988.014,0.828125,0.726,0.792,0.5096227867590454,0.5681293302540416,726,792,662,738,-6.9115896,-17.061113,-0.1720723,,1,1,1,1,1,1,2,0.31860885
