accession_number,score,rel_left_x,rel_right_x,rel_top_y,rel_bottom_y,abs_left_x,abs_right_x,abs_top_y,abs_bottom_y,roll_angle,pan_angle,tilt_angle,"landmarking, confidence",joy_likelihood,sorrow_likelihood,anger_likelihood,surprise_likelihood,under_exposed_likelihood,blurred_likelihood,headwear_likelihood,landmarking_confidence
2007.020,0.7890625,0.37,0.5225,0.32341269841269843,0.4642857142857143,148,209,163,234,-19.678286,-40.557507,2.0577533,,1,1,1,1,1,1,1,0.2795012
2007.021,0.50390625,0.07539682539682539,0.12698412698412698,0.2283464566929134,0.30971128608923887,38,64,87,118,-0.19536345,25.112268,-12.233595,,1,1,1,1,1,1,1,0.03044626
2007.030,0.61328125,0.4305555555555556,0.7083333333333334,0.15417558886509636,0.40471092077087795,155,255,72,189,9.527208,-18.608706,3.3027387,,1,1,1,1,1,1,1,0.5524226
2007.053,0.59765625,0.302,0.629,0.21157167530224524,0.538860103626943,302,629,245,624,-1.1528792,-21.57856,-9.764826,,1,1,1,1,1,1,1,0.072143875
