accession_number,score,rel_left_x,rel_right_x,rel_top_y,rel_bottom_y,abs_left_x,abs_right_x,abs_top_y,abs_bottom_y,roll_angle,pan_angle,tilt_angle,"landmarking, confidence",joy_likelihood,sorrow_likelihood,anger_likelihood,surprise_likelihood,under_exposed_likelihood,blurred_likelihood,headwear_likelihood,landmarking_confidence
1975.014,0.8515625,0.30385487528344673,0.6077097505668935,0.185,0.44333333333333336,134,268,111,266,-3.2674572,-11.111806,-0.48531502,,1,1,1,1,1,1,1,0.45362133
1975.030,0.82421875,0.341,0.6,0.15403032721468476,0.3934557063048683,341,600,193,493,-0.7522307,-20.31153,-5.574308,,1,1,1,1,1,1,1,0.5879342
1976.017,0.7265625,0.16565533980582525,0.35194174757281554,0.339,0.695,273,580,339,695,-91.41175,-2.2944484,-14.334135,,1,1,1,1,1,1,1,0.23578583
1978.035,0.5703125,0.8097345132743363,0.8488200589970502,0.30930930930930933,0.37037037037037035,1098,1151,309,370,0.5632104,-6.255789,-9.508484,,1,1,1,1,1,1,1,0.0041705086
1978.035,0.71484375,0.3694690265486726,0.42625368731563423,0.2072072072072072,0.2972972972972973,501,578,207,297,10.095519,-39.721237,6.5111685,,1,1,1,1,1,1,1,0.018937256
1979.0060,0.8359375,0.225,0.404,0.10663683818046234,0.26174496644295303,225,404,143,351,8.119861,-5.983962,29.80811,,1,1,1,1,1,1,1,0.052268535
