accession_number,description,score,rel_left_x,rel_right_x,rel_top_y,rel_bottom_y,abs_left_x,abs_right_x,abs_top_y,abs_bottom_y
51272856055_a186efd33f_k,Boat,0.5934644,0.11945643,0.28722402,0.07033316,0.3070309,245,588,100,434
51272856055_a186efd33f_k,Boat,0.5526941,0.32267827,0.49114606,0.07288327,0.30672562,661,1006,103,434
