accession_number,score,rel_left_x,rel_right_x,rel_top_y,rel_bottom_y,abs_left_x,abs_right_x,abs_top_y,abs_bottom_y,roll_angle,pan_angle,tilt_angle,"landmarking, confidence",joy_likelihood,sorrow_likelihood,anger_likelihood,surprise_likelihood,under_exposed_likelihood,blurred_likelihood,headwear_likelihood,landmarking_confidence
1973.022,0.65625,0.4263636363636364,0.59,0.1971971971971972,0.4074074074074074,469,649,197,407,-17.563015,9.227809,2.5972083,,1,1,1,1,1,1,1,0.5946041
1973.022,0.53515625,0.13090909090909092,0.21818181818181817,0.6266266266266266,0.7387387387387387,144,240,626,738,5.4695463,-9.66144,0.8274293,,1,2,1,1,1,1,1,0.38619328
1973.022,0.78125,0.6681818181818182,0.8281818181818181,0.14614614614614616,0.35135135135135137,735,911,146,351,-15.549793,7.626995,1.6329213,,1,1,1,1,1,1,1,0.7336539
1973.022,0.5234375,0.3018181818181818,0.3890909090909091,0.06706706706706707,0.17917917917917917,332,428,67,179,0.30805176,-5.7452893,0.80339205,,1,1,1,1,1,1,1,0.35628027
1973.022,0.734375,0.7127272727272728,0.8745454545454545,0.2702702702702703,0.4774774774774775,784,962,270,477,-13.919429,9.5989,5.726381,,1,1,1,1,1,1,1,0.56695586
1973.022,0.55078125,0.75,0.9127272727272727,0.6796796796796797,0.8888888888888888,825,1004,679,888,1.8969929,-2.1837187,-10.2905,,1,1,1,1,1,1,2,0.69429076
1974.024,0.59765625,0.397,0.576,0.13537771129394166,0.29094988780852654,397,576,181,389,2.3808274,-5.674696,4.617196,,1,1,1,1,1,1,1,0.7622641
1974.027,0.50390625,0.331,0.627,0.14233576642335766,0.39343065693430657,331,627,195,539,-1.827234,19.877382,2.6839952,,1,1,1,1,1,1,1,0.49552086
1975.012,0.62109375,0.262,0.731,0.19204737732656516,0.6539763113367174,262,731,227,773,-2.0345044,21.466866,-1.9010968,,1,1,1,1,1,1,1,0.25042427
