accession_number,score,rel_left_x,rel_right_x,rel_top_y,rel_bottom_y,abs_left_x,abs_right_x,abs_top_y,abs_bottom_y,roll_angle,pan_angle,tilt_angle,"landmarking, confidence",joy_likelihood,sorrow_likelihood,anger_likelihood,surprise_likelihood,under_exposed_likelihood,blurred_likelihood,headwear_likelihood,landmarking_confidence
1970.007,0.7109375,0.422,0.618,0.09298085688240657,0.300820419325433,422,618,102,330,3.068858,13.238203,-2.291089,,1,1,1,1,1,1,1,0.48362032
1970.016,0.62109375,0.48403122782114977,0.5479063165365508,0.2802802802802803,0.38538538538538536,682,772,280,385,8.106417,-57.799427,7.7765136,,1,1,1,1,1,1,2,0.21706608
1971.001,0.98046875,0.24424424424424424,0.6876876876876877,0.0651085141903172,0.494991652754591,244,687,78,593,-0.60233134,0.23637694,-2.5246086,,1,1,1,1,1,1,1,0.7448891
