accession_number,score,rel_left_x,rel_right_x,rel_top_y,rel_bottom_y,abs_left_x,abs_right_x,abs_top_y,abs_bottom_y,roll_angle,pan_angle,tilt_angle,"landmarking, confidence",joy_likelihood,sorrow_likelihood,anger_likelihood,surprise_likelihood,under_exposed_likelihood,blurred_likelihood,headwear_likelihood,landmarking_confidence
1988.144,0.6015625,0.3912529550827423,0.6111111111111112,0.0667565745111261,0.21240728253540123,331,517,99,315,-1.2544875,0.14955541,-3.0072107,,1,1,1,1,1,1,3,0.30483878
1988.145,0.69921875,0.33415536374845867,0.591861898890259,0.059269469331495524,0.22674017918676775,271,480,86,329,-3.1469572,-1.0359854,-1.621653,,1,1,1,1,1,1,5,0.3913316
1989.012,0.6640625,0.504,0.562,0.3511777301927195,0.39900071377587437,504,562,492,559,12.223376,19.627512,-9.352905,,1,1,1,1,1,1,1,0.11168928
1989.039,0.6015625,0.415,0.669,0.22811059907834103,0.45468509984639016,415,669,297,592,17.723333,9.050144,-8.431044,,1,1,1,1,1,1,1,0.67337805
1990.004,0.5390625,0.558,0.646,0.5740492170022371,0.6201342281879194,558,646,1283,1386,-1.6427584,-5.249217,-12.828557,,1,1,1,1,1,1,4,0.29025075
