accession_number,score,rel_left_x,rel_right_x,rel_top_y,rel_bottom_y,abs_left_x,abs_right_x,abs_top_y,abs_bottom_y,roll_angle,pan_angle,tilt_angle,"landmarking, confidence",joy_likelihood,sorrow_likelihood,anger_likelihood,surprise_likelihood,under_exposed_likelihood,blurred_likelihood,headwear_likelihood,landmarking_confidence
1971.021,0.54296875,0.544,0.658,0.28405422853453843,0.36927049709489995,544,658,440,572,-5.2085266,-16.27281,-5.887248,,1,1,1,1,1,1,3,0.6052551
1971.025,0.7890625,0.413,0.627,0.28428927680798005,0.4912718204488778,413,627,342,591,-0.750497,-16.549173,-5.739135,,1,1,1,1,1,1,1,0.5654289
1971.037,0.69921875,0.363,0.662,0.2568064753495217,0.5128771155261221,363,662,349,697,7.071832,18.878395,-1.8148009,,1,1,1,1,1,1,1,0.43952957
1971.038,0.78125,0.325,0.693,0.17439293598233996,0.48933038999264167,325,693,237,665,2.4790792,19.744862,-4.338961,,1,1,1,1,1,1,1,0.73686355
1971.039,0.71484375,0.313,0.615,0.2501839587932303,0.5091979396615158,313,615,340,692,-3.177711,-42.687366,-2.7202523,,1,1,1,1,1,1,1,0.20463243
1971.047,0.6484375,0.36936936936936937,0.5885885885885885,0.05690376569037657,0.2702928870292887,369,588,68,323,3.5753062,-10.049314,-5.141563,,2,1,1,1,1,1,1,0.61437994
